Title,Price,Page
Oppo A31 (CPH2015) - 6.5 Inches Display - 8GB RAM - 256GB ROM (128GB Usable + 128GB System Reserved) - Dual SIM (Official PTA Approved) - 12MP+2MP+8MP Camera - Mix Color (Phone with Box - No Accessories Included),"Rs. 19,999",1
"Oppo Reno2 Z - 6.53 Inches Full HD+ AMOLED Display - 8GB RAM - 256GB ROM (128GB Usable) - 16MP Motorize Popup Camera - Dual Sim PTA Approved - Phone with Box Only, Accessories Not Included) - Multi Color","Rs. 31,999",1
Vivo Y19 - 6.53 Inches IPS LCD Display - 8GB RAM - 256GB Storage - Official PTA Approved - Fingerprint Sensor - Helio P80 Processor - (Phone and Box. No Charger and No Accessories Included - Mix Color),"Rs. 20,999",1
"Vivo Y20s (G) - 6.51 HD+ Display - Dual Sim Official PTA Approved - 8GB RAM - 256GB ROM (128GB Usable, 128GB System Reserved) - 13/2/2 + 8MP Camera (Phone with Box only, No Charger No Accessories Included - Multi Color)","Rs. 23,999",1
"[Official Approved] Oneplus Nord N10 5G (BE2029/BE2028) - Single Sim - 6.49 Inches Full HD+ 90Hrz Display - 6GB RAM + 128GB ROM - Fingerprint Sensonr - PTA Approved - 100% Original (Imported Stock, Phone Only, No Box, No Charger, No Accessories Included)","Rs. 32,999",1
Tecno Spark 40 - 6.67 Inches Display - 6GB RAM 128GB ROM - 8MP Front Camera - 50MP Rear Camera - Dual SIM - 5200mAh Battery,"Rs. 44,999",1
Vivo Y20s - 6.51 Inches IPS LCD Display - 8GB RAM - 256GB Storage - Official PTA Approved - Fingerprint Sensor - Helio P80 Processor - (Phone and Box. No Charger and No Accessories Included - Mix Color),"Rs. 23,999",1
Vgotel New 16 Pro - IPS LCD - 6.745 Inches Display - 4GB RAM 64GB ROM - 5MP Front Camera - 13MP Rear Camera - Dual SIM - 6000mAh Battery,"Rs. 23,799",1
Moto G Play 2024 - 6.5 Inches Full HD+ Display - 4GB RAM 64GB ROM - PTA Approved Single Sim - SnapDragon Processor - Fingerprint Sensor - Mix Color (Phone Only - Box Charger Accessoires Not Included),"Rs. 29,999",1
"Samsung Galaxy s22 ultra | 12GB Ram | 128GB, 256GB, 512GB | official PTA approved | without box","Rs. 154,499",1
"Google Pixel 7 – 128GB, 8GB RAM, 6.7"" Display, Dual Camera (50MP + 12MP), 10MP Front Camera, Octa-Core, 4355mAh Battery | Official PTA Approved | Daraz Like New Phones (Used Mobile Phones - 100 % Original)","Rs. 92,999",1
Honor X6c - 6.61 Inches Display - 6GB RAM 128GB/256GB ROM - 5MP Front Camera - 50MP Rear Camera - Dual SIM - 5300mAh Battery,"Rs. 43,999",1
Vivo Y19 | 4GB RAM | 128GB Storage | Dual Sim | PTA Approve | 5000 MAH Big Battery | Dual Speaker | FingerPrint + Face Unlock | Vivo Mobile On Installment,"Rs. 21,953",1
Motorola | Moto G Stylus 5G 2023 | 128GB Storage | 4GB RAM | Qualcomm SM6450 Snapdragon 6 Gen 1 | 5000 mAh Battery | 50MP Camera | Non PTA Approved | SIM Lock | Mobile Phone,"Rs. 21,000",1
Moto Stylus 2024 5G - 6.7 Inches Full FHD+ Display - 8GB RAM 128GB ROM - PTA Approved Dual Sim (Physical + E-sim) - Snapdragon 6 Gen 1 - In-Screen Fingerprint Sensor - Mix Color (Phone Only - Box Charger Accessoires Not Included),"Rs. 39,999",1
Tecno Camon 40 Pro 8GB+256GB PTA APPROVED,"Rs. 66,999",1
Tecno Spark GO 3 4/64,"Rs. 27,200",1
"Vivo Y66 | Dual Sim | PTA Approve | 4GB Ram 64GB Storage | Long Lasting 3000 MAH Battery | Memory Card Suppirt | Vivo Box , Charger Sim Injector Tool & Phone | Vivo Mobile | Mobile Phone On Easy Installment | Whatsapp , Youtube Facebook & Tiktok Working","Rs. 17,395",1
Vivo Y11d - 6.74'' 120Hz Display 4GB RAM 128GB ROM 50MP Camera 6500mAh Battery PTA Approved 1Year Official Brand Warranty,"Rs. 43,999",1
Motorola | Moto G 5G 2024 | 128GB Storage | 4GB RAM | Snapdragon 4 Gen 1 | 5000mAh Battery | 6.6″ IPS LCD Display | Non PTA Approved (SIM Lock) | Mobile Phone,"Rs. 19,999",1
"Vivo Y20s | 8GB Ram 128GB Storage | 5000 MAH Battery + 18w Fast Charging | PTA Approve | Side FingerPrint | 6.51"" HD+ Halo Big Display | 13MP AI Triple Camera | Phone, Box, Charger | Mobile Phone On Installment","Rs. 28,105",1
Tecno Camon 50 8GB + 256GB,"Rs. 73,998",1
Itel A100C 2GB RAM 64GB ROM Front Camera 5MP Back Camera 8MP 5000mAh Battery One Year Brand Warenty,"Rs. 19,999",1
"Oppo A57 - 5.2"" HD Display - 3GB RAM - 32GB ROM - Dual Sim - Official PTA Approved - Android 14 Updated (Box Only, No Charger and Accessories Not Included - Mix Color)","Rs. 10,999",1
"Schok Volt SV55 | 2GB Ram 16GB Storage | Andriod Version 11 | Type-C Cable | Non PTA Approve | 3000 MAH Long Lasting Battery | Youtube, Tiktok, FaceBook Working | Amrican Phone | Orginial Stock","Rs. 5,959",1
American Schok Volt SV55 Mobile Phone | No Sims(WiFi Only) | Android 11 | Free Compatible Charger | Snapdragon 425 | Best Economical Smart Mobile Phone | Mobile Phones Low Price | Globally Customized,"Rs. 6,990",1
Itel City 200 - 6.78 Inches Display - 4GB RAM 128GB ROM - 8MP Front Camera - 50MP Rear Camera - Dual SIM - 5200mAh Battery,"Rs. 30,699",1
Moto G5G 2024 | 4+2 GB Ram | 5000MAH Battery ! 128GB Stoarge | Gaming Phone | Non PTA (Sim Not Working) | Budget friendly Mobile | Type-c Fast Charging | 50MP Camera | Snapdragon 4 Gen 1 (6nm) Prossor | Gaming Phone On installment | Pubg & FreeFire Suppor,"Rs. 16,486",1
Itel A100C 4GB RAM 64GB ROM Front Camera 5MP Back Camera 8MP 5000mAh Battery One Year Brand Warenty,"Rs. 23,999",1
16pro box pack one year warranty,"Rs. 4,500",1
Itel A100C 4GB RAM 64GB ROM Front Camera 5MP Back Camera 8MP 5000mAh Battery One Year Brand Warenty,"Rs. 23,999",1
Etachi Icon just look like Iphone design Icon Mini Touch Mobile 2gb 16gb 3.75-inch touch screen Dual sim Pta approve,"Rs. 14,249",1
Itel City 200 4GB RAM 128GB ROM Front Camera 8MP Back Camera 50MP 520018 mAh Battery One Year Brand Warenty,"Rs. 28,999",1
"Moto G Pure - 6.5 Inches HD+ Display - 3GB RAM + 32GB ROM - SD Card Slot - Original American Stock (Phone + Universal Box, No Charger and Accessories) - NON PTA","Rs. 10,999",1
"Y17 DUAL SIM, 5000 MH BATTERY","Rs. 16,500",1
Google Pixel 6A | 128GB Storage | 6GB RAM | Google Tensor | Android 12 | 12MP Dual Camera | 4410 mAh Battery | Official PTA Approved,"Rs. 55,600",1
ITEL A100C = 4GB RAM = 64GB ROM = 5000mAh BATTERY,"Rs. 28,999",1
Huawei P10 Lite - 4gb - 64gb - PTA Approved,"Rs. 16,359",1
Realme Note 60X 4GB/64GB,"Rs. 29,999",1
Google Pixel 7A | 128GB Storage | 8GB RAM | Google Tensor G2 | 64 MP Dual Camera | 4385 mAh Battery | Dual SIM | Official PTA Approved,"Rs. 56,810",1
"Samsung Galaxy S24 Ultra (12GB RAM, 256GB Storage)","Rs. 350,000",2
Google Pixel 9 PRO XL | 16GB RAM | 256GB STORAGE | Dual sim approved | flagship model |,"Rs. 199,999",2
Apple Iphone 15 Pro 256GB - Non Approved - Factory Unllock - Free Charger - Daraz Like New Phones (Mobile Phones) - Used Phone,"Rs. 209,999",2
Samsung Galaxy S23 Ultra Official PTA Approved Dual SIM - 256GB and 512GB,"Rs. 260,000",2
"Motorola Moto Edge+ 2022 - 8/12GB RAM, 256GB ROM, NON PTA","Rs. 60,000",2
Used Apple iPhone 14 Pro Max -256GB - (Non approved)- Good condition - (FREE CHARGER AND COVER) - Daraz Like New Phones,"Rs. 169,999",2
Tecno Spark 40 Pro - 6.78 Inches Display - 8GB RAM 256GB ROM - 13MP Front Camera - 50MP Rear Camera - Dual SIM - 5200mAh Battery,"Rs. 59,999",2
Daraz Like New - Apple Iphone 14 - Factory Unlock - 128GB - Non Approved - With Charger,"Rs. 210,000",2
Tecno Camon 40 Pro 8GB+256GB PTA APPROVED,"Rs. 66,999",2
Infinix Note 60 8GB+256GB,"Rs. 82,999",2
realme 16 5G | 8GB RAM + 256GB ROM,"Rs. 129,999",2
Apple iPhone 17 Pro Max - 256GB - PTA APPROVED,"Rs. 565,000",2
Motorola | Moto G Stylus 5G 2023 | 128GB Storage | 4GB RAM | Qualcomm SM6450 Snapdragon 6 Gen 1 | 5000 mAh Battery | 50MP Camera | Non PTA Approved | SIM Lock | Mobile Phone,"Rs. 21,000",2
Tecno Camon 50 8GB + 256GB,"Rs. 73,998",2
Samsung Galaxy A07 4GB+64GB - PTA APPROVED,"Rs. 34,999",2
Vivo Y31d - 8GB RAM 256GB ROM 6.75'' Display 7200mAh Battery 44w Fast Charge PTA Approved 1 Year Official Brand Warranty,"Rs. 72,999",2
Infinix Hot 60i 8GB+256GB,"Rs. 42,448",2
Vivo Y11d - 6.74'' 120Hz Display 4GB RAM 128GB ROM 50MP Camera 6500mAh Battery PTA Approved 1Year Official Brand Warranty,"Rs. 43,999",2
Tecno Camon 50 PRO 8GB/256GB,"Rs. 83,799",2
vivo Y31d - 7200 mAh BlueVolt Battery - Snapdragon 6s Gen 2 4G - IP68 & 69 Dust and Waterproof - OriginOS 6.0 New System,"Rs. 65,999",2
OPPO A6 256GB,"Rs. 60,299",2
Google Pixel 9 Pro XL Official PTA Approved 16 GB - 128/256 GB Dual Sim,"Rs. 208,000",2
Infinix Hot 60i 6GB+128GB PTA APPROVED,"Rs. 41,999",2
Google Pixel 9 12 GB - 128 GB Dual Sim,"Rs. 152,000",2
Vivo Y31d 8GB RAM 128GB ROM Front Camera 8 MP Back Camera 50 MP 7200 mAh Battery Health One Year Brand Warrenty,"Rs. 63,999",2
Honor X9d - AMOLED LCD - 6.79 Inches Display - 12GB RAM 256GB ROM - 16MP Front Camera - 108MP+5MP Rear Camera - Snapdragon 6 Gen 4 Chipset - Dual SIM - 8300mAh Battery,"Rs. 117,999",2
Google Pixel 6a Official PTA Approved 6 GB - 128 GB Dual Sim,"Rs. 64,000",2
Vivo Y19 | 4GB RAM | 128GB Storage | Dual Sim | PTA Approve | 5000 MAH Big Battery | Dual Speaker | FingerPrint + Face Unlock | Vivo Mobile On Installment,"Rs. 21,953",2
Honor X9d - 6.79 Inches Display - 12GB RAM 256GB ROM - 16MP Front Camera - 108MP+5MP Rear Camera - Dual SIM - 8300mAh Battery,"Rs. 116,999",2
"Infinix Note 60 Pro 5G 8GB + 8GB Ram 256GB Rom || 6.78 Inches AMOLED 144Hz 1.5K Display || IP64 , Snapdragon 7s Gen 4 || 6500 mAh Fast Charging 90W || Wireless 30W,","Rs. 115,000",2
Google Pixel 7 Official PTA Approved 8 GB - 128/256 GB Dual Sim,"Rs. 76,000",2
"Vivo Y66 | Dual Sim | PTA Approve | 4GB Ram 64GB Storage | Long Lasting 3000 MAH Battery | Memory Card Suppirt | Vivo Box , Charger Sim Injector Tool & Phone | Vivo Mobile | Mobile Phone On Easy Installment | Whatsapp , Youtube Facebook & Tiktok Working","Rs. 17,395",2
Samsung Galaxy A07 4GB+128GB - PTA APPROVED,"Rs. 31,999",2
Google Pixel 7a Official PTA Approved 8 GB - 128 GB Dual Sim,"Rs. 74,000",2
Samsung Galaxy S26 Ultra - 256 GB,"Rs. 424,999",2
vivo V70 - 12GB RAM - 256GB/512GB ROM - 50MP ZEISS Camera - 6500 mAh Battery - SDM 7 Gen 4 Processor,"Rs. 169,999",2
Google Pixel 8 Official PTA Approved 8 GB - 128 GB Dual Sim,"Rs. 112,000",2
"Vivo Y20s | 8GB Ram 128GB Storage | 5000 MAH Battery + 18w Fast Charging | PTA Approve | Side FingerPrint | 6.51"" HD+ Halo Big Display | 13MP AI Triple Camera | Phone, Box, Charger | Mobile Phone On Installment","Rs. 28,105",2
Apple iPhone 17 Pro - 256GB - PTA APPROVED,"Rs. 487,999",2
"Infinix Note 60 Pro 5G 8GB Ram 256GB Rom , 6.78 Inches AMOLED 144Hz 1.5K Display , IP64 , Snapdragon 7s Gen 4 , 6500 mAh Fast Charging 90W , Wireless 30W,","Rs. 114,999",2
"Oppo A57 - 5.2"" HD Display - 3GB RAM - 32GB ROM - Upgraded Android 14 - Dual Sim - Official PTA Approved - Phone Only (Charger, Box and Accessories Not Included)","Rs. 10,999",3
Google Pixel 6 | 8GB Ram | 128GB storage | dual sim | just like new condition | without box |,"Rs. 54,999",3
Google Pixel 7 | 8GB Ram | 128GB storage | dual sim approved | Tensor G2 chipset | 10/10 condition | just like new condition without box,"Rs. 61,999",3
"Imported Original Vivo Y17 Mobile | 100% INSPECTED | 8GB RAM | 256GB ROM(STORAGE) | Fingerprint | 5000mAh Battery | Dual Sim PTA Approved | BEST FOR ADULT AND KIDS BOTH | Android 9 | Just Like New Condition | With Box, Fast Charger, Cable & FREE Handsfree","Rs. 18,999",3
"Samsung Galaxy s22 ultra | 12GB Ram | 128GB, 256GB, 512GB | official PTA approved | without box","Rs. 154,499",3
"Vivo Y20s (G) - 6.51 HD+ Display - Dual Sim Official PTA Approved - 8GB RAM - 256GB ROM (128GB Usable, 128GB System Reserved) - 13/2/2 + 8MP Camera (Phone with Box only, No Charger No Accessories Included - Multi Color)","Rs. 23,999",3
Apple iPhone 15 Pro 128GB - Non Approved - Factory Unllock - Free Charger - Daraz Like New Phones (Mobile Phones) - Used Phone,"Rs. 199,999",3
"[Official Approved] Oneplus Nord N10 5G (BE2029/BE2028) - Single Sim - 6.49 Inches Full HD+ 90Hrz Display - 6GB RAM + 128GB ROM - Fingerprint Sensonr - PTA Approved - 100% Original (Imported Stock, Phone Only, No Box, No Charger, No Accessories Included)","Rs. 32,999",3
"Imported Original Vivo Y66 Mobile | 100% INSPECTED | 4GB RAM | 64GB ROM(STORAGE) | 2930mAh Battery | Fresh Kit | Dual Sim PTA Approved | BEST FOR ADULT AND KIDS BOTH | Android 8.1 | Just Like New Condition | With Box, Charger, Cable & FREE Handsfree","Rs. 10,499",3
"Oppo Reno2 Z - 6.53 Inches Full HD+ AMOLED Display - 8GB RAM - 256GB ROM (128GB Usable) - 16MP Motorize Popup Camera - Dual Sim PTA Approved - Phone with Box Only, Accessories Not Included) - Multi Color","Rs. 31,999",3
Daraz Like New Phone - Google Pixel 9 pro XL - 16GB / 256GB - OFFICIAL PTA APPROVED - SIX MONTHS WARRANTY,"Rs. 249,999",3
Vivo Y20s - 6.51 Inches IPS LCD Display - 8GB RAM - 256GB Storage - Official PTA Approved - Fingerprint Sensor - Helio P80 Processor - (Phone and Box. No Charger and No Accessories Included - Mix Color),"Rs. 23,999",3
Motorola | Moto G 5G 2024 | 128GB Storage | 4GB RAM | Snapdragon 4 Gen 1 | 5000mAh Battery | 6.6″ IPS LCD Display | Non PTA Approved (SIM Lock) | Mobile Phone,"Rs. 19,999",3
"Schok Volt SV55 | 2GB Ram 16GB Storage | Andriod Version 11 | Type-C Cable | Non PTA Approve | 3000 MAH Long Lasting Battery | Youtube, Tiktok, FaceBook Working | Amrican Phone | Orginial Stock","Rs. 5,959",3
American Schok Volt SV55 Mobile Phone | No Sims(WiFi Only) | Android 11 | Free Compatible Charger | Snapdragon 425 | Best Economical Smart Mobile Phone | Mobile Phones Low Price | Globally Customized,"Rs. 6,990",3
Etachi Icon just look like Iphone design Icon Mini Touch Mobile 2gb 16gb 3.75-inch touch screen Dual sim Pta approve,"Rs. 14,999",3
Itel City 200 - IPS LCD - 6.78 Inches Display - 4GB RAM 128GB ROM - 8MP Front Camera - 50MP Rear Camera - Unisoc T7250 Chipset - Dual SIM - 5200mAh Battery,"Rs. 30,999",3
Etachi Icon just look like Iphone design Icon Mini Touch Mobile 2gb 16gb 3.75-inch touch screen Dual sim Pta approve,"Rs. 14,249",3
Moto Stylus 2024 5G - 6.7 Inches Full FHD+ Display - 8GB RAM 128GB ROM - PTA Approved Dual Sim (Physical + E-sim) - Snapdragon 6 Gen 1 - In-Screen Fingerprint Sensor - Mix Color (Phone Only - Box Charger Accessoires Not Included),"Rs. 39,999",3
Google Pixel 7 Pro – 6.7″ QHD+ 120Hz | dual sim approved | Tensor G2 | 50MP Triple Camera | 12GB RAM | 128 and 256GB Storage 5000mAh with Fast Wired & Wireless Charging | just like new condition without box,"Rs. 89,999",3
Moto G5G 2024 | 4+2 GB Ram | 5000MAH Battery ! 128GB Stoarge | Gaming Phone | Non PTA (Sim Not Working) | Budget friendly Mobile | Type-c Fast Charging | 50MP Camera | Snapdragon 4 Gen 1 (6nm) Prossor | Gaming Phone On installment | Pubg & FreeFire Suppor,"Rs. 16,486",3
Redmi Note 14 8GB RAM + 256 GB ROM Non Scanned - Non Active - PTA APPROVED,"Rs. 59,999",3
16pro box pack one year warranty,"Rs. 4,500",3
"Google Pixel 9 Pro XL | 128GB, 256GB and 512GB | official PTA approved | 16GB Ram | without box","Rs. 214,999",3
Infinix Note 60 Pro 8GB RAM 256GB ROM Front Camera 13MP Back Camera 50MP 6500mAh Battery One Year Brand Warrenty,"Rs. 110,000",3
"Oppo A57 - 5.2"" HD Display - 3GB RAM - 32GB ROM - Dual Sim - Official PTA Approved - Android 14 Updated (Box Only, No Charger and Accessories Not Included - Mix Color)","Rs. 10,999",3
Itel A100C 2GB RAM 64GB ROM Front Camera 5MP Back Camera 8MP 5000mAh Battery One Year Brand Warenty,"Rs. 19,999",3
Infinix NOTE 50 || 8GB + 8GB RAM + 256GB ROM || 5200mAh Battery,"Rs. 78,999",3
"Infinix Note 60 5G 8GB + 8GB Ram 256GB Rom || 6.78 Inches AMOLED 144Hz 1.5K Display || IP64 , Mediatek Dimensity 7400 Ultimate || 6500 mAh Fast Charging 45W || Wireless 30W","Rs. 89,999",3
Vivo Y31d - IPS LCD - 6.75 Inches Display - 8GB RAM 128GB/256GB ROM - 8MP Front Camera - 50MP+2MP Rear Camera - Snapdragon® 6s Gen 2 4G Mobile Platform Chipset - Dual SIM - 7200mAh Battery,"Rs. 65,999",3
Realme Note 60X 4GB/64GB,"Rs. 29,999",3
Google Pixel 7A | 128GB Storage | 8GB RAM | Google Tensor G2 | 64 MP Dual Camera | 4385 mAh Battery | Dual SIM | Official PTA Approved,"Rs. 56,810",3
Tecno Spark GO 3 4/64,"Rs. 27,200",3
Samsung Galaxy A07 6GB+128GB PTA APPROVED,"Rs. 49,500",3
"Samsung Galaxy S23 Ultra | 12GB & 8GB RAM 512GB & 256GB storage, S Pen Precision, and Immersive Dynamic AMOLED 2X Display.","Rs. 244,999",3
Infinix Smart 10 Plus 4GB+128GB - PTA APPROVED,"Rs. 29,999",3
Samsung Galaxy A17 8GB + 256 GB,"Rs. 60,999",3
Xiaomi 17 Ultra 16GB/512GB,"Rs. 462,999",3
Infinix Hot 60 Pro Plus - 6.78'' 3D-Curved AMOLED Display 8GB RAM 256GB ROM 5160mAh Battery 45w FastCharge PTA Approved 1 Year Official Brand Warranty,"Rs. 68,980",3
"Moto G Pure - 6.5 Inches HD+ Display - 3GB RAM + 32GB ROM - SD Card Slot - Original American Stock (Phone + Universal Box, No Charger and Accessories) - NON PTA","Rs. 10,999",3
Vivo Y19 - 6.53 Inches IPS LCD Display - 8GB RAM - 256GB Storage - Official PTA Approved - Fingerprint Sensor - Helio P65 Processor - (Phone and Box. No Charger and No Accessories Included - Mix Color),"Rs. 20,999",4
Oppo A31 (CPH2015) - 6.5 Inches Display - 8GB RAM - 256GB ROM (128GB Usable + 128GB System Reserved) - Dual SIM (Official PTA Approved) - 12MP+2MP+8MP Camera - Mix Color (Phone with Box - No Accessories Included),"Rs. 19,999",4
Apple iPhone 13 Pro Max 256 GB - Non Approved - Daraz Like New Phones (Mobile Phones) - Used Phone,"Rs. 164,999",4
Samsung A07 - 6.7 Inches Display - 4GB RAM 64GB/128GB ROM - 8MP Front Camera - 50MP+2MP Rear Camera - Dual SIM - 5000mAh Battery,"Rs. 30,999",4
Apple iPhone 14 - 256GB - (Non Approved) (FREE CHARGER AND COVER) - Daraz Like New Phones (Mobile Phones) - Used Phone,"Rs. 99,999",4
Vivo Y19 - 6.53 Inches IPS LCD Display - 8GB RAM - 256GB Storage - Official PTA Approved - Fingerprint Sensor - Helio P80 Processor - (Phone and Box. No Charger and No Accessories Included - Mix Color),"Rs. 20,999",4
Oppo A5 Pro - (8+256),"Rs. 59,999",4
Google Pixel 8 Pro | 12GB Ram | 128GB/256GB storage | Official PTA approved | Without box,"Rs. 144,999",4
Samsung Galaxy S26 - 256 GB - Get Free Galaxy Buds3 FE Through Galaxy Members App,"Rs. 299,999",4
Original Vivo Y66 | 100% Inspected Fresh Stock | 4GB RAM 64GB ROM(3/32 for user) | 13MP Camera | Dual Sim Approved | With Box & Charger | Premium Quality | Vivo Mobile Phone | Globally Customized,"Rs. 11,499",4
Infinix Note 60 Pro 8GB RAM 256GB ROM Front Camera 13MP Back Camera 50MP 6500mAh Battery One Year Brand Warrenty,"Rs. 110,000",4
Apple iPhone X 256 GB Factory Unlocked - PTA Approved - Free charger - Daraz Like New Phones (Mobile Phones) - Used Phone,"Rs. 56,999",4
Vivo Y31d 8GB RAM 256GB ROM Front Camera 8 MP Back Camera 50 MP 7200 mAh Battery Health One Year Brand Warrenty,"Rs. 70,999",4
Vivo V70 - 12GB RAM 256/512GB ROM 6.59'' AMOLED Display 6500 mAh Battery 90w Charge PTA Approved 1 Year Official Brand Warranty,"Rs. 162,980",4
Google Pixel 7 Pro | official PTA approved | 12GB Ram | 128GB & 256GB storage | just like new condition without box,"Rs. 109,999",4
Tecno Camon 40 PRO || 16GB (8GB + 8GB EXTENDED) RAM + 256GB ROM || 5200mAh Battery,"Rs. 72,499",4
Itel A100C 4GB RAM 64GB ROM Front Camera 5MP Back Camera 8MP 5000mAh Battery One Year Brand Warenty,"Rs. 23,999",4
"[Official PTA Approved] Vivo Y17 - 6.35 Inches HD+ Display - Dual Sim - 8GB RAM - 256GB ROM (128GB Usable + 128GB System Reserved) - 18w Dual Engine Fast Charging - Fingerprint Seneor (Phone with Box, Imported, Mix Color)","Rs. 18,999",4
Infinix Note 60 8GB RAM 256GB ROM Front Camera 13MP Back Camera 50MP 6500mAh Battery One Year Brand Warrenty,"Rs. 93,499",4
Motorola Mobile Moto G Power 2024 | Dimensity 7020 Processor | 120Hz Display | Android 15 | TOT 16GB RAM (8+8) | American Stock Global Variant | WiFi Device(No Sims) | Free Accessories | Best Mobile Phones Low Price,"Rs. 26,997",4
"Vivo V15 - 6.53 Inches Full HD+ Display - Dual Sim Official PTA Approved - 8GB RAM - 256GB ROM - Motorize Popup Front 32MP Camera - Dual Engine Fast Charging (Phone with Box, NO Charger NO Accessories) - Mix Color","Rs. 23,999",4
Motorola Mobile Moto G Play 2024 - Tot 8GB RAM (4+4) - 64Gb - Single Sim Approved - Snapdragon 680 - PubG Around 60 Fps - 50MP Camera - 5000mAh Battery - 90Hz Display - Motorola Mobile - Globally Customized,"Rs. 26,007",4
Honor X8d - AMOLED LCD - 6.77 Inches Display - 8GB RAM 256GB ROM - 16MP Front Camera - 108MP+16MP Rear Camera - Snapdragon 6s 4G Gen 2 Chipset - Dual SIM - 7000mAh Battery,"Rs. 74,499",4
Apple iPhone 16 Pro Max 256GB SIM LOCK (FREE CHARGER AND COVER) - Daraz Like New Phones,"Rs. 329,999",4
Apple iPhone 17 Pro - 512GB PTA Approved,"Rs. 579,999",4
Vivo Y31d - 6.75 Inches Display - 6GB RAM 128GB ROM - 8MP Front Camera - 50MP+2MP Rear Camera - Dual SIM - 7200mAh Battery,"Rs. 58,999",4
Samsung Galaxy S25 Ultra || 12GB RAM + 512GB ROM || 5000mAh Battery,"Rs. 439,999",4
Y6 pro 2019 mobile doul sim 3/64 without box 100% original,"Rs. 13,999",4
"Y17 DUAL SIM, 5000 MH BATTERY","Rs. 16,500",4
Samsung Galaxy A17 6GB + 128GB PTA APPROVED,"Rs. 52,999",4
Daraz Like New - Apple Iphone 12 - 64GB - Non Approved - Free Cover & Charger,"Rs. 64,999",4
Samsung Galaxy s24 ULTRA | 12GB RAM | 512GB & 256GB storage | approved | WITHOUT BOX |,"Rs. 299,999",4
Vivo Y11d - 6.74'' 120Hz Display 6GB RAM 128GB ROM 50MP Camera 6500mAh Battery PTA Approved 1Year Official Brand Warranty,"Rs. 52,980",4
Tecno Camon 50 8GB RAM 256GB ROM 6500mAh Front Camera 32 MP Back Camera 50 MP Battery One Year Brand Warenty,"Rs. 80,000",4
Google Pixel 9 | 12GB RAM | 128GB storage | dual sim approved | WITHOUT BOX | latest model,"Rs. 139,999",4
Apple iPhone 15 Pro 512GB PTA APPROVED Factory Unlocked (FREE CHARGER AND COVER) - Daraz Like New Phones,"Rs. 299,999",4
Google Pixel 8a | 8GB Ram | 128GB storage | dual sim | just like new condition | without box,"Rs. 84,999",4
Tecno SPARK 30 Pro 8GB RAM 256GB ROM 108 MP Back Camera 5000 mAh Battery 1 Year Tecno PK Warranty,"Rs. 51,499",4
Redmi A5 4 GB RAM ROM 64 Non Scanned - Non Active - PTA APPROVED,"Rs. 27,999",4
Tecno SPARK 40 Pro Plus 8GB+256GB PTA APPROVED,"Rs. 61,369",4
Oppo Reno13 Pro 5G - (12+512),"Rs. 146,499",5
INFINIX HOT 60 PRO = 8GB RAM = 128GB ROM = 5160mAh BATTERY,"Rs. 58,999",5
Google Pixel 7 | Official PTA approved | 8GB ram | 128GB storage | just like new condition without box,"Rs. 74,999",5
USED - PHONES - Apple iPhone 14 Pro - 128GB - Non Approved - Brand new condition - with free cover & charger - Daraz Like New Phones (Mobile Phones),"Rs. 158,999",5
USED - Apple iPhone 13 Pro - 256GB - OFFICIAL PTA APPROVED - Brand New Condition - 85+ Battery Health - (FREE CHARGER & COVER) - Daraz Like New Phones - USED MOBILE PHONES,"Rs. 199,999",5
Samsung Galaxy A26 8/256GB - PTA APPROVED,"Rs. 94,998",5
ZTE Nubia A36 - 6.75 Inches Display - 4GB RAM 64GB ROM - 5MP Front Camera - 13MP Rear Camera - Dual SIM - 5000mAh Battery,"Rs. 24,999",5
Used Apple iPhone 14 Pro Max - 256GB - PTA APPROVED- Good condition - (FREE CHARGER AND COVER) - Daraz Like New Phones,"Rs. 294,999",5
Sony Xperia 5 6GB Ram 64GB Rom Single Sim PTA Approved,"Rs. 40,000",5
Apple iPhone 14 Pro Max - 512GB - Factory Unlock - Non Approved - Daraz Like New Phones (Mobile Phones) - Used Phone,"Rs. 229,999",5
Tecno Spark 40 - IPS LCD - 6.67 Inches Display - 6GB RAM 128GB ROM - 8MP Front Camera - 50MP Rear Camera - Mediatek Helio G81 Chipset - Dual SIM - 5200mAh Battery,"Rs. 44,999",5
Nokia X1-01 – PTA Approved – Dual Sim – Super Loud Speaker (Boombox) – Dedicated Music Keys – Long Battery – Rough & Tough,"Rs. 4,799",5
Samsung Galaxy S26 Ultra - 512 GB,"Rs. 489,999",5
Google Pixel 6a | 6GB ram | 128GB storage | dual sim approved | 4410mAh battery | original phone without box,"Rs. 48,999",5
Vivo Y17 - 6.35 Inches IPS LCD Display - 8GB RAM - 256GB Storage - Official PTA Approved - Fingerprint Sensor - Helio P35 Processor - (Phone and Box. No Charger and No Accessories Included - Mix Color),"Rs. 18,999",5
Realme GT7 12GB RAM 512GB ROM - PTA APPROVED,"Rs. 199,999",5
(Official PTA Approved) OPPO F11 (CPH1911) 6.53 Inches IPS LCD - 8GB RAM / 256GB ROM (128GB Usable + 128GB System Reserved) - 48MP + 5MP + 16MP Camera - Dual SIM (WIth Box Only Charger Accessoires Not Included - Multi Color),"Rs. 20,999",5
Apple iPhone 17 Air - 256GB,"Rs. 428,500",5
ITEL CITY 200 = 4GB RAM = 128GB ROM = 5200mAh BATTERY,"Rs. 34,999",5
"OPPO RENO2 Z (CPH1945, CPH1951, CPH1917) 6.53 Inches AMOLED Display - 8GB RAM 256GB ROM - In-Screen FingerPrint - Motorized pop-up Camera - Dual SIM (WIth Box Only - Charger Accessoires Not Included - Multi Color)","Rs. 32,999",5
Google Pixel 6A | 128GB Storage | 6GB RAM | Google Tensor | Android 12 | 12MP Dual Camera | 4410 mAh Battery | Official PTA Approved,"Rs. 55,600",5
Apple iPhone 12 Pro - 128GB - Factory Unlock - Non Approved - Daraz Like New Phones (Mobile Phones) - Used Phone,"Rs. 94,499",5
Google Pixel 6a | 6GB Ram | 128GB storage | official PTA approved | just like new condition without box,"Rs. 55,499",5
BALMUDA A101BM 5G Cellphone | 128GB Storage | 6GB RAM | Qualcomm Snapdragon 765 | Single SIM | Official PTA Approved,"Rs. 32,428",5
Itel City 200 - 6.78 Inches Display - 4GB RAM 128GB ROM - 8MP Front Camera - 50MP Rear Camera - Dual SIM - 5200mAh Battery,"Rs. 30,699",5
Vivo Y31d 8GB RAM 128GB ROM Front Camera 8 MP Back Camera 50 MP 7200 mAh Battery Health One Year Brand Warrenty,"Rs. 63,999",5
Apple iPhone 11 Pro 256 GB Factory Unlocked - PTA Approved - With Charger - Daraz Like New Phones (Mobile Phones) - Used Phone,"Rs. 94,999",5
Google Pixel 7A | official PTA approved | 8GB Ram | 128GB Storage | just like new condition without box,"Rs. 64,999",5
OPPO A6s Pro 8GB+256GB,"Rs. 92,499",5
Apple iPhone 15 - 128GB,"Rs. 295,000",5
Original Vivo Mobile Phone Y85 Global Variant 4GB 64GB – Dual Sim Approved - Imported Model | Superior to Local | +Free Shockproof Jelly Cover | 13MP Dual Camera | with Charger & Handsfree | Best Discounted Price in Pakistan | Vivo Y85 Globally Customized,"Rs. 14,999",5
Global Variant Vivo Y17 with Charger Handsfree Jelly Cover Sim Eject Tool - 8/256 (For user 4/128) ) - 5000 mah battery - Dual sim Approved - Vivo Mobile Phone Low Price - Installment Mobile - Budget Phone - Globally Customized,"Rs. 19,999",5
Google Pixel 7A | 128GB Storage | 8GB RAM | Google Tensor G2 | 64 MP Dual Camera | 4385 mAh Battery | Dual SIM | Official PTA Approved,"Rs. 62,436",5
Samsung Galaxy Z Flip 6 12GB RAM 512GB ROM 50 MP + 12 MP Back Camera 4000 mAh Battery 1 Year Samsung PK Warranty,"Rs. 335,499",5
Vivo V50 Lite 5G 12GB + 12GB Expandable RAM 256GB ROM 6.77″ AMOLED Display 120 Hz IP65 6500 mAh Battery 90W Fast Charge,"Rs. 104,999",5
Vivo Y31d - 6.75'' Display 6GB RAM 128GB ROM 7200mAh Battery 44w Fast Charge PTA Approved 1 Year Official Brand Warranty,"Rs. 57,999",5
Apple iPhone 13 - 128GB,"Rs. 189,999",5
Google Pixel 8 Pro | 12GB RAM | 256GB & 128GB storage | dual sim approved | 5050 mAh battery | OLED display | 2023 model new phone without box | Al-Aswad Tech,"Rs. 119,999",5
Samsung Galaxy A56 12/256GB - PTA APPROVED,"Rs. 123,999",5
Google Pixel 9A | 8GB Ram | 128GB storage | new condition | dual sim approved | without box,"Rs. 124,999",5
